"","baseMean","log2FoldChange","lfcSE","stat","pvalue","padj","GeneID"
"CLDND1",649.278356059395,2.2818188915197,0.163642740888657,13.9439053582722,3.42665044155528e-44,3.66617330741999e-40,"CLDND1"
"GREB1L",597.523585734698,2.27893532025543,0.165613384809548,13.7605745023336,4.40016302026523e-43,2.35386720769088e-39,"GREB1L"
"EPPK1",62.7746610744918,6.32920052577672,0.57568750875102,10.9941599037092,4.07692209251316e-28,1.45396631559328e-24,"EPPK1"
"FLG",50.9972356286924,5.26056392056979,0.517199285659397,10.1712513269675,2.66463186721897e-24,7.12722408684393e-21,"FLG"
"PICK1",742.109389375881,1.94716084022636,0.193701481499545,10.0523796986598,8.96753003330969e-24,1.91887207652761e-20,"PICK1"
"ATP2B3",1086.5787697674,2.22843849984091,0.224935559357248,9.90700850594125,3.88092418368185e-23,6.92033464020201e-20,"ATP2B3"
"MMP14",274.578043254831,-2.84820336406651,0.295570948564554,-9.63627642668829,5.61892687750197e-22,8.58812838034193e-19,"MMP14"
"GHRHR",179.363391306098,-3.24742307772675,0.3405162602274,-9.53676360582045,1.47359253294569e-21,1.75177405666511e-18,"GHRHR"
"LSM2",962.062377323845,1.39844147671533,0.146604499183515,9.53887148418821,1.44394993566213e-21,1.75177405666511e-18,"LSM2"
"USF1",113.465414435981,3.20717823630032,0.352217337742192,9.10567962627619,8.57279957559508e-20,9.17203826592918e-17,"USF1"
"CCNQ",608.739410987363,2.32258013539437,0.265768608694425,8.73910634820237,2.3496160858665e-18,2.2853220456987e-15,"CCNQ"
"CD70",439.476117212866,1.96382198378329,0.231417690495559,8.48604953051752,2.13780354716042e-17,1.90603001258911e-14,"CD70"
"DNAJA1",3752.86615907244,1.2857528904397,0.154700397570211,8.31124490068717,9.47032498810009e-17,7.79407746520637e-14,"DNAJA1"
"ALDH3A2",1588.53003915242,1.59061081767136,0.195946683453196,8.11756948186009,4.7561251690168e-16,3.63469879880791e-13,"ALDH3A2"
"PPM1K",1509.43482280105,-1.0922585944253,0.13624803086678,-8.01669269989877,1.0863044522722e-15,7.7482475565735e-13,"PPM1K"
"NECAP2",616.545300808516,1.55493784328494,0.199945869632926,7.77679401999951,7.43855750495101e-15,4.97407042159193e-12,"NECAP2"
"MISP",1755.80850179122,1.25350243283122,0.162613190140164,7.70849173889749,1.27313359732689e-14,8.0125037398826e-12,"MISP"
"ESCO1",181.519223132594,1.83780636012748,0.24126666926149,7.61732387549823,2.58988929642683e-14,1.53940142124837e-11,"ESCO1"
"VARS1",543.992777494566,1.36276915514856,0.182813533917461,7.45442159530618,9.0262934014195e-14,5.0827533211467e-11,"VARS1"
"TTC39B",1221.7297428308,-1.1765360035052,0.158269328412941,-7.4337587408945,1.05554416514496e-13,5.64663351144295e-11,"TTC39B"
"MDC1",692.785481060987,1.30813450875443,0.177941420810221,7.35148962393408,1.96009984779829e-13,9.98624203409235e-11,"MDC1"
"LINC01772",507.34329259005,1.37370714284893,0.192138350503202,7.14957289500639,8.70483139163364e-13,4.04926048082993e-10,"LINC01772"
"SHANK3",805.901512383833,1.38623882135165,0.193831768080145,7.15176276356554,8.56705373605938e-13,4.04926048082993e-10,"SHANK3"
"LOC105373383",126.787023732606,2.2377513183301,0.314928479761934,7.10558575084,1.19813285850311e-12,5.341176438802e-10,"LOC105373383"
"TMEM229B",133.776498941268,-2.59786664962118,0.374848062005591,-6.93045239642305,4.19496914931257e-12,1.79527899713981e-09,"TMEM229B"
"HRAS",352.177912458535,1.46305665806458,0.21484721410603,6.8097539181613,9.77658321415514e-12,4.02306399262484e-09,"HRAS"
"EPS8L2",1106.05915746539,1.27520650305082,0.187474690876775,6.8020194997361,1.03162630511575e-11,4.08791475497532e-09,"EPS8L2"
"NBR1",567.481995859471,1.16749826380048,0.17342517856784,6.73199977905041,1.67346896534404e-11,6.3944444500771e-09,"NBR1"
"ANXA2P2",14787.8819999421,0.967055609898211,0.143774591384678,6.72619272003906,1.74159864671804e-11,6.42529790387461e-09,"ANXA2P2"
"DENND4C",2280.06786729623,-0.96922339752539,0.14425503118765,-6.71881867513238,1.83203711908573e-11,6.53365504569941e-09,"DENND4C"
"RPL29",76.7938392770092,2.29050084776337,0.341973846674401,6.69788309848208,2.11460314406498e-11,7.29810936721005e-09,"RPL29"
"CCDC168",17.3394333151101,9.18301648214667,1.39232817045242,6.59543969376326,4.2399736228927e-11,1.41760868097903e-08,"CCDC168"
"IKZF3",23.0638725106374,5.39399602011365,0.821176020680688,6.56862339409579,5.07825407332418e-11,1.64643152516653e-08,"IKZF3"
"ADD2",1869.79124378233,0.920392783288429,0.143651982184784,6.4071011711102,1.48312409522794e-10,4.66704255730697e-08,"ADD2"
"DNAH3",595.68961528141,-1.1812587231871,0.184879799065008,-6.38933365982158,1.6661016258006e-10,5.07290550564354e-08,"DNAH3"
"RNASE6",691.619396048296,-1.12807736479945,0.176658739457484,-6.38563010391533,1.7069314721298e-10,5.07290550564354e-08,"RNASE6"
"MAEL",152.915351321184,-2.25574917147994,0.356618873378555,-6.32537798717523,2.52613445485867e-10,6.93002885449561e-08,"MAEL"
"PPP2R2C",14.1971078446847,8.89009057940118,1.40525214340394,6.3263312716725,2.51058538584154e-10,6.93002885449561e-08,"PPP2R2C"
"SEPSECS",355.143212225204,-1.36719498777022,0.215947037472349,-6.331158805294,2.43326742213987e-10,6.93002885449561e-08,"SEPSECS"
"LPAL2",328.596168294034,1.26240448990038,0.203057492050284,6.21698060560977,5.06812376157141e-10,1.35559640312631e-07,"LPAL2"
"WDR93",1162.87809900278,0.95458500875778,0.15390139571488,6.20257538486695,5.55465622870346e-10,1.44949431685118e-07,"WDR93"
"TOMM5",1912.97290330751,0.972702718948605,0.157763767204389,6.16556473127593,7.02320315012117e-10,1.78907739293206e-07,"TOMM5"
"LOC101927166",1213.43517472473,0.968185672814573,0.15786810881118,6.13287686858011,8.63039461410823e-10,2.14736260410102e-07,"LOC101927166"
"RCHY1",35.5563668857402,3.38864492222343,0.553795472177126,6.11894660117338,9.41959604496933e-10,2.29046041102561e-07,"RCHY1"
"RETREG1",144.056311339996,-1.84006561476367,0.3018273795045,-6.09641715666897,1.08472122736506e-09,2.57898498035083e-07,"RETREG1"
"ESPL1",8813.88222049591,1.00630345438418,0.166422556751561,6.04667704923202,1.47863728840735e-09,3.43911746710222e-07,"ESPL1"
"SLC22A23",358.038641298341,-1.37940612374285,0.229248202084344,-6.01708589729898,1.77584860827713e-09,4.04251154467171e-07,"SLC22A23"
"ERMP1",3356.77779342927,-0.747050400368924,0.124833863829845,-5.984356948105,2.17246423922156e-09,4.84233226988157e-07,"ERMP1"
"FUBP3",278.943176278064,1.40824906616967,0.236922581309761,5.94392083010641,2.78284044193108e-09,6.07624691596339e-07,"FUBP3"
"TMEM230",2615.48225093842,0.983717454290051,0.165885607946194,5.93009524134923,3.02759016714572e-09,6.47843743965842e-07,"TMEM230"
"TRRAP",1140.31569439173,0.94602439140284,0.160574410184818,5.89150158056933,3.82701999049786e-09,8.02848762320325e-07,"TRRAP"
"LOC101928343",319.439287247267,-1.27615957180547,0.217012659427574,-5.88057662244991,4.08839692411946e-09,8.41187667137579e-07,"LOC101928343"
"MFSD6",259.047030410854,-1.48758350888919,0.253189730362986,-5.87537064302139,4.21898308071997e-09,8.51677358124962e-07,"MFSD6"
"RFX5",325.068562722785,-1.42380538143048,0.243463404765541,-5.84812893256639,4.97133166099853e-09,9.84968100759689e-07,"RFX5"
"PWWP3A",646.583258350609,1.01790867321965,0.174779874788169,5.82394668981963,5.74739161410353e-09,1.11802441598716e-06,"PWWP3A"
"PHACTR2",1184.1503920581,0.777581921050779,0.134895955147228,5.76430864959674,8.19932439592859e-09,1.56651020914357e-06,"PHACTR2"
"TRIP10",981.741477808815,1.03193927033772,0.179334842821928,5.75425976402361,8.70222587554556e-09,1.63342306390284e-06,"TRIP10"
"ALDH5A1",453.958842744904,-1.09394559148531,0.19209181147848,-5.69491006964589,1.23436966393668e-08,2.27698638525147e-06,"ALDH5A1"
"FLNB",869.092735688343,0.943235622707208,0.165942197263696,5.68412156920117,1.31486724908618e-08,2.38436689796153e-06,"FLNB"
"DRAIC",539.157440363282,-1.01410342185811,0.181198559301482,-5.59664174907057,2.18543648319105e-08,3.89699748894351e-06,"DRAIC"
"SREK1IP1",69.4481964813221,-2.69766940134538,0.482607530903817,-5.58977891682138,2.27358897069519e-08,3.987725966798e-06,"SREK1IP1"
"CD300E",175.775524148155,-1.47032284190195,0.264156164045569,-5.56611217918925,2.60485586663764e-08,4.49505692212196e-06,"CD300E"
"ZNF517",269.625467683904,1.38369298193959,0.248987967853591,5.55726846508995,2.74029119548661e-08,4.65371039690655e-06,"ZNF517"
"KCNB1",477.893559974112,0.97216332505953,0.175544048399452,5.53800219331483,3.05941431537652e-08,5.11448027503335e-06,"KCNB1"
"ZNF655",829.843408745829,-0.975730333180809,0.176305439612844,-5.53431780280548,3.12442018146448e-08,5.14279561869054e-06,"ZNF655"
"DSP",3287.56628417455,0.68163475786083,0.123405827931455,5.52352161390175,3.32271395025759e-08,5.30592784385164e-06,"DSP"
"H1-3",2983.84366302194,1.08105760092504,0.195653403163132,5.52537080085274,3.28790457673376e-08,5.30592784385164e-06,"H1-3"
"NR1H3",685.344272704222,0.869895779270661,0.157911754721503,5.50874620325023,3.61398514308857e-08,5.68618044792715e-06,"NR1H3"
"MYH7",368.875117463164,-1.10103288218149,0.200262406305641,-5.49795092595205,3.84229817528963e-08,5.95778959093098e-06,"MYH7"
"TRPV1",312.940106674423,1.36598265263879,0.249914511192907,5.46579966932932,4.60824550884872e-08,7.04337409988178e-06,"TRPV1"
"COA8",9.24150674436285,8.27264185087876,1.52042098988911,5.44102055015835,5.29762019854192e-08,7.98299133861972e-06,"COA8"
"RTKN",1916.43813302364,-0.746074598396382,0.137391704479745,-5.43027398358228,5.62675995838903e-08,8.36120899927837e-06,"RTKN"
"TLN1",1992.79453732782,0.708639819619389,0.130946078926232,5.41169178512479,6.24320803815275e-08,9.15014832879401e-06,"TLN1"
"NSUN2",1035.57307450555,0.746464512169566,0.138168147703987,5.40258029490848,6.56890365858477e-08,9.49739192475654e-06,"NSUN2"
"ATAD3C",366.626131448868,1.20828710985387,0.22439254309804,5.38470259827644,7.2564528411424e-08,1.0351571859651e-05,"ATAD3C"
"TRIM42",119.598396338953,-1.75687931787234,0.328215465093191,-5.35282308337759,8.65925027345473e-08,1.21901735099595e-05,"TRIM42"
"CHRNA2",185.551768512364,-1.44411580109773,0.270788839906364,-5.33299600381274,9.66054384128281e-08,1.342313747505e-05,"CHRNA2"
"FLG-AS1",8.88520730277969,8.21145305073091,1.54409672960725,5.31796544431486,1.04933991146236e-07,1.43934457855587e-05,"FLG-AS1"
"SMIM24",70.2499912950246,-2.45487393440634,0.462219387632368,-5.31105790906126,1.08990688036701e-07,1.47606502696793e-05,"SMIM24"
"JAG2",191.653158878004,1.37705711382429,0.259593812949474,5.30466076282149,1.12882723068066e-07,1.50966531763155e-05,"JAG2"
"LDB1",864.726773090734,-1.02878530516847,0.194048844774656,-5.30168219431131,1.14740458406107e-07,1.51556563516906e-05,"LDB1"
"THOP1",1043.77776239093,0.971742926805741,0.18362359905853,5.29203725331622,1.20961243609497e-07,1.5782492016805e-05,"THOP1"
"GNA15",9.75777199967429,8.3500887005922,1.58327048007641,5.27394959084263,1.33518595855438e-07,1.72110296031004e-05,"GNA15"
"SP7",424.190713728829,1.19110850843036,0.225953850973711,5.27146805994887,1.35336842344317e-07,1.72377247171649e-05,"SP7"
"ZBTB1",388.179634826788,-1.31162379554547,0.249442297816848,-5.25822527704792,1.45452271814168e-07,1.83081630134092e-05,"ZBTB1"
"HCG4B",44.4423268240368,3.15302197424913,0.600494053416874,5.25071306919378,1.51511533986561e-07,1.88490918851421e-05,"HCG4B"
"DDC",75.3234445976901,-2.24177251257176,0.427345809142003,-5.24580436876786,1.55601944323353e-07,1.9090173558626e-05,"DDC"
"POGLUT2",8.30948123471623,8.11778537419526,1.54797440671838,5.2441341012895,1.57017971133665e-07,1.9090173558626e-05,"POGLUT2"
"PCDHB15",502.145692422137,0.881980478135553,0.168921142171778,5.22125571018608,1.77713948085544e-07,2.13636127030027e-05,"PCDHB15"
"HDHD2",70.114290085886,-2.23745108034699,0.429895617001045,-5.20463803738095,1.94375096305203e-07,2.31068795041041e-05,"HDHD2"
"SLC9A4",294.323722820693,1.02564019647803,0.198500457518805,5.16694122168895,2.37956054255856e-07,2.79768332360814e-05,"SLC9A4"
"GNA11",705.705528126979,0.961443216882689,0.186504129006954,5.15507738087044,2.53526213737268e-07,2.94834452258156e-05,"GNA11"
"UNC5CL",269.35609429806,-1.17021164327645,0.227613288583754,-5.14122725679897,2.72949663362359e-07,3.14009510571385e-05,"UNC5CL"
"ZNF205",124.188475586286,1.50915299929698,0.294159711837758,5.13038644846559,2.89147942557444e-07,3.29105727385329e-05,"ZNF205"
"SLX4IP",584.161081280806,0.994336264985804,0.194630977034278,5.10882841024162,3.2416257236501e-07,3.65075301235078e-05,"SLX4IP"
"TECPR2",1307.09758873759,0.743245102661582,0.145648933692308,5.10299034685507,3.34328062328394e-07,3.7260166029703e-05,"TECPR2"
"PSMD2",66.6665884647201,1.90659098321141,0.373879997160851,5.09947308679141,3.40600291897726e-07,3.75678610619976e-05,"PSMD2"
"SHB",875.056837751732,0.805614198347116,0.158083956896843,5.09611610286816,3.46692551219637e-07,3.76368369491753e-05,"SHB"
"TMEM33",1207.44725125348,0.722530734324999,0.141804461493105,5.09526094395931,3.48261226092939e-07,3.76368369491753e-05,"TMEM33"
"AIF1L",139.333316223004,1.55897206975019,0.306520684847839,5.08602566421932,3.65644596473135e-07,3.91203153766607e-05,"AIF1L"
"NR1D2",461.795634918753,-1.01323087592666,0.201108973098636,-5.03821813773425,4.69885743342372e-07,4.97753224556439e-05,"NR1D2"
"SH3YL1",3252.31347097643,-0.637056841955353,0.126671216127316,-5.02921548740049,4.92490671322947e-07,5.16584087498452e-05,"SH3YL1"
"HRNR",20.177999375025,4.04384629074401,0.805714376874755,5.0189575944139,5.19526153471211e-07,5.39651486989174e-05,"HRNR"
"H4C4",1778.7991714443,0.910669325818,0.181599949480245,5.01470032576779,5.31161863745422e-07,5.46432767328102e-05,"H4C4"
"FOXQ1",1150.92432590796,0.790533417772976,0.157712952118598,5.01248253332108,5.37322542435165e-07,5.47506083953698e-05,"FOXQ1"
"MMP24-AS1-EDEM2",305.514973552857,1.35999989746008,0.271806467065595,5.00355974654521,5.62812117147405e-07,5.68068569939631e-05,"MMP24-AS1-EDEM2"
"GIGYF1",18.9902594897849,4.35181476674229,0.872340199563549,4.98866700046565,6.07973414261501e-07,6.07916594316242e-05,"GIGYF1"
"UPP2",149.583304099134,1.4136728229124,0.284881932593662,4.96231126362367,6.96592438162617e-07,6.900780088798e-05,"UPP2"
"OSTM1",49.4660621019112,-3.04050898119828,0.613525420175426,-4.95579951736785,7.20334621806682e-07,7.07051387037587e-05,"OSTM1"
"FBXO7",87.2629752488131,-2.13664843682351,0.431616162042248,-4.95034390443971,7.40824554484955e-07,7.20552900766776e-05,"FBXO7"
"B4GALT1",397.842447201419,0.990599877172811,0.200512654355132,4.94033596213005,7.79880791179188e-07,7.51706719353706e-05,"B4GALT1"
"C9orf72",275.496725416675,-1.13721444240942,0.23160234228915,-4.91020268262067,9.0982305216823e-07,8.69124717423919e-05,"C9orf72"
"PRSS3",1932.43450348629,0.883834010998703,0.180076942830311,4.90809093661454,9.196721257158e-07,8.70758590533924e-05,"PRSS3"
"UHRF1",329.5063314488,1.04662139204019,0.213738002675033,4.89674919266216,9.7435067533641e-07,9.14436655738969e-05,"UHRF1"
"DST",232.875456451759,1.66411615382607,0.340368048512642,4.88916677431389,1.01263679573477e-06,9.42104441527507e-05,"DST"
"TCF7L1",37744.2319729382,0.674440223000799,0.138033834598778,4.88605003955147,1.02879061329346e-06,9.48881963071269e-05,"TCF7L1"
"ADCK1",1168.93984055314,0.737100019982784,0.151142880704054,4.87684247216425,1.07797453415702e-06,9.81284267412598e-05,"ADCK1"
"TRIP13",273.617006016521,1.02973513138011,0.211181864578364,4.87605852631348,1.08226510472648e-06,9.81284267412598e-05,"TRIP13"
"MIDN",213.957024331558,1.14483096857886,0.235927211202468,4.85247531534795,1.21929964272962e-06,0.00010962425947533,"MIDN"
"BTN3A1",208.769565469168,-1.17138500261856,0.241955581435721,-4.84132250914721,1.28977847296001e-06,0.000114994499018326,"BTN3A1"
"H3C4",1231.3317206413,1.00049574096902,0.207106543660428,4.83082631425415,1.3596757654057e-06,0.000120224553835335,"H3C4"
"PTBP1",2341.60717218886,0.660590359050663,0.138383505936212,4.77362063189209,1.80943083098495e-06,0.000158681151317278,"PTBP1"
"GPN2",464.1542179057,0.983746546143014,0.206663174286681,4.76014437278685,1.9345452581627e-06,0.000168273981439697,"GPN2"
"AP1M1",1161.07270964592,0.690083815354334,0.145879437696711,4.73050778265984,2.23958940290914e-06,0.000193236830820362,"AP1M1"
"BTBD8",231.249855193703,-1.19526344447612,0.253141170638461,-4.72172677981017,2.33850689553694e-06,0.000200157482202798,"BTBD8"
"ZBTB25",751.873029817053,-0.904804828115632,0.192291043871674,-4.70539246081298,2.53378042220191e-06,0.000215150132834431,"ZBTB25"
"ACTR10",6.73791176908158,7.81973815417628,1.66713314823404,4.69053006501583,2.72498183008678e-06,0.000227770160938269,"ACTR10"
"SLC22A17",718.037860937889,0.808531991352358,0.17234376946198,4.69139089783414,2.71353961298482e-06,0.000227770160938269,"SLC22A17"
"GAP43",70.0284148952319,2.33316172251191,0.499174688813085,4.67403851757708,2.95333905591947e-06,0.000244238365202099,"GAP43"
"SLC22A12",56.130600335912,1.8708886495826,0.400357461691042,4.67304553705652,2.96765935847021e-06,0.000244238365202099,"SLC22A12"
"PTGER4",391.528482807804,-0.996330447618067,0.213328765212772,-4.67039898076724,3.00615288681306e-06,0.000245517784244374,"PTGER4"
"TEX22",25.4220775412297,3.67679031665872,0.788132975650433,4.66519030449694,3.08331549892756e-06,0.000249912064568379,"TEX22"
"DDB2",286.48506509608,1.11394581096667,0.240849936855746,4.62506166914153,3.74486963747508e-06,0.000301250828957488,"DDB2"
"LINC00997",119.762604118051,-1.46540155781887,0.318842788549339,-4.59600031879694,4.30678038198882e-06,0.000343867487364913,"LINC00997"
"C19orf25",224.235661083349,1.32893894910855,0.289385915630072,4.59227238552742,4.38445592403805e-06,0.000344699641258279,"C19orf25"
"KANK1",929.963784855527,-0.681751204076862,0.148437498201072,-4.59285027260005,4.37232772914077e-06,0.000344699641258279,"KANK1"
"PWWP3B",131.023908755071,1.28423631121783,0.279736546789666,4.59087783114532,4.41385651485038e-06,0.000344699641258279,"PWWP3B"
"SLBP",213.219030319343,1.02232208566849,0.223578611657142,4.57253973486614,4.81847810513581e-06,0.000373571719180058,"SLBP"
"NRM",2840.24241307135,0.701251733315962,0.153644183222877,4.56412809522846,5.01574484481702e-06,0.000386068015069764,"NRM"
"ARRDC1",5.90554907257748,7.62298034597505,1.67398161408495,4.55380171552363,5.26850179590351e-06,0.000402626433674083,"ARRDC1"
"SZT2",147.869607188032,1.26395549919324,0.277769422573475,4.55037666667181,5.35499679324275e-06,0.000406334118375207,"SZT2"
"LSAMP",91.0614446132173,1.52195862369526,0.33466256768721,4.54774083105032,5.42248530665542e-06,0.000408557537295115,"LSAMP"
"KIDINS220",104.738674467164,-1.493410913051,0.329029680472928,-4.5388334295692,5.65662963688578e-06,0.000423218744650636,"KIDINS220"
"GLS2",329.563242254073,-0.958573299207239,0.211451044360357,-4.53331078173173,5.80662830799462e-06,0.000431424418522461,"GLS2"
"MRTFA",132.999186040957,1.4377643057731,0.318220147355756,4.5181435484842,6.23841864705813e-06,0.000458507839496928,"MRTFA"
"SMIM14",384.229816537695,-0.947075208854993,0.209645015231253,-4.5175183765295,6.25685994640167e-06,0.000458507839496928,"SMIM14"
"FLAD1",775.864144338175,0.837771359043551,0.185518990918042,4.5158253335566,6.30706354376817e-06,0.000459042672481467,"FLAD1"
"AP3D1",1022.61151895219,0.828063348218074,0.183632467775961,4.5093515228927,6.50260858969268e-06,0.000470077089872446,"AP3D1"
"SEH1L",1103.95805245765,0.724727491190768,0.161035484356007,4.50042109718244,6.78189757938547e-06,0.000486976659072786,"SEH1L"
"ZNF252P-AS1",242.342261032891,1.5016571723842,0.334771731685822,4.48561521255768,7.27038469381699e-06,0.00051857230559432,"ZNF252P-AS1"
"H2BC10",2735.40744225779,0.793557587726477,0.177127277927061,4.48015459286433,7.45889952536816e-06,0.000528495139217973,"H2BC10"
"AKAP5",1198.13849939475,-0.865950562341492,0.194470521012625,-4.4528628700762,8.47328732218336e-06,0.000596261243478621,"AKAP5"
"TRAF4",991.920442368969,-0.764502986592803,0.171740069684574,-4.45151203208968,8.52677542314506e-06,0.000596261243478621,"TRAF4"
"H2BC9",2861.29436986552,0.830609013383135,0.186807076503825,4.44634662095431,8.73429770604007e-06,0.000606806825694304,"H2BC9"
"LOC105369147",489.673220615437,0.786380588989629,0.177047131974954,4.44164545461754,8.92735687436478e-06,0.000612267892300184,"LOC105369147"
"PGAP3",128.690368803467,1.51000836414574,0.339933072955288,4.44207546802707,8.90952980086579e-06,0.000612267892300184,"PGAP3"
"BTN3A2",158.086992764053,-1.57185156564679,0.354435112372846,-4.43480770041001,9.21545104251883e-06,0.00062613967493831,"BTN3A2"
"RINL",3599.08865315151,0.699310462004062,0.157735978896206,4.43342392076714,9.27482453132273e-06,0.00062613967493831,"RINL"
"SMC1A",327.152333028125,0.916934896271182,0.206856060180778,4.43271952230862,9.30518817788496e-06,0.00062613967493831,"SMC1A"
"INTS1",159.482484439577,1.27592223150595,0.28806627804808,4.42926620967758,9.45542509991553e-06,0.000632272457149977,"INTS1"
"PKP3",1805.01722041837,0.807472915562393,0.183222719511866,4.40705671061769,1.04784760225987e-05,0.000695107966383714,"PKP3"
"RANBP9",228.359953010619,1.03212230494762,0.234248726636744,4.40609569053565,1.05250481871354e-05,0.000695107966383714,"RANBP9"
"POLR2L",336.457703884358,1.06593892577386,0.242212881101739,4.40083500483249,1.07835100776368e-05,0.000707808431414947,"POLR2L"
"CNN2",2536.78934219554,0.714407608283649,0.162533324936032,4.39545310824606,1.1054192594586e-05,0.000719840661518636,"CNN2"
"PNCK",359.473132633482,0.96726029637767,0.220105631266851,4.3945277129461,1.1101384162125e-05,0.000719840661518636,"PNCK"
"ONECUT3",318.981835581336,0.900720795004434,0.205613725645553,4.38064527149876,1.18328371710848e-05,0.000758080987385845,"ONECUT3"
"TNFSF9",667.21224638289,0.977410451880622,0.223089261974996,4.38125279194374,1.17998871195232e-05,0.000758080987385845,"TNFSF9"
"LILRB4",209.48378192602,-1.23071870827258,0.2811659211479,-4.37719729065313,1.20215150493182e-05,0.000764652201652873,"LILRB4"
"LRRC25",123.220382358357,1.19283533796148,0.272575253960568,4.37616885843217,1.2078345834128e-05,0.000764652201652873,"LRRC25"
"RP1L1",161.705977199797,1.24043255556338,0.283601408444263,4.37385893944587,1.22069272619892e-05,0.000768246557506017,"RP1L1"
"NOL6",509.643455784546,0.904980305838083,0.208345989428821,4.34364159501741,1.40140080145957e-05,0.000876817963439529,"NOL6"
"WIPF2",727.068725677361,0.729935422809831,0.168119334912912,4.34176963160095,1.41339686470849e-05,0.00087918215439047,"WIPF2"
"SIGMAR1",798.350922416097,0.685073678240633,0.158019563396742,4.33537255460332,1.45513461927693e-05,0.000899912444603692,"SIGMAR1"
"PFDN5",894.171971550229,0.700118898891195,0.161823907684084,4.32642437641526,1.51549316558505e-05,0.000931854102218074,"PFDN5"
"ZNF234",201.974307101553,1.06181957753288,0.245949974673993,4.31721767379859,1.58008318008921e-05,0.000966017711072827,"ZNF234"
"ATP5F1D",233.98170190337,1.04458089829571,0.243311482547393,4.29318373041537,1.76129138717489e-05,0.00107068503132865,"ATP5F1D"
"SH2D3A",384.166468280728,0.869265306723643,0.202562917001722,4.29133485827641,1.77602258384587e-05,0.0010735404307665,"SH2D3A"
"RAB3IL1",268.308545859505,0.896936942036518,0.209628283813621,4.27870192761765,1.87986403111388e-05,0.00112577540415551,"RAB3IL1"
"ZSCAN25",1381.38425051599,-0.59299401792654,0.138605906300147,-4.27827380344406,1.88348254363806e-05,0.00112577540415551,"ZSCAN25"
"INTS6",40.719440072746,-2.71900340271849,0.637903701013233,-4.26240418169651,2.02239224784031e-05,0.00120208748109131,"INTS6"
"CD151",1885.96053724435,0.851841180473894,0.200728386214711,4.24375045571639,2.19814785335587e-05,0.0012993361261356,"CD151"
"TBRG1",40.9057737151854,1.96542354626422,0.463296435331792,4.24225915931485,2.21280952326857e-05,0.00130081588403574,"TBRG1"
"PCYT1B",274.398344575489,-1.02941592656967,0.242760602649742,-4.24045712250487,2.23065044081114e-05,0.0013041382003409,"PCYT1B"
"CCT5",7866.99153904575,0.569974445850825,0.134770310767601,4.22922854896206,2.34494030471968e-05,0.00133449554894659,"CCT5"
"JAG1",350.871376373362,0.795442555437441,0.187915968971485,4.23296944794587,2.30625845257954e-05,0.00133449554894659,"JAG1"
"MACROH2A1",10.0183264974913,6.5432628764531,1.54647665492017,4.23107769240194,2.32574316426153e-05,0.00133449554894659,"MACROH2A1"
"S1PR5",287.215381771967,0.93585424967012,0.221259269819139,4.22967250337173,2.34031762311034e-05,0.00133449554894659,"S1PR5"
"SKAP1",124.843684688378,1.39811883114631,0.330313924152537,4.23269722804864,2.30905266430698e-05,0.00133449554894659,"SKAP1"
"BRIX1",643.581856578431,0.781209487230158,0.184987731214387,4.22303404718659,2.41035391091097e-05,0.00135339437451411,"BRIX1"
"SYN3",32.4348456663208,-3.06544866268655,0.725979938092524,-4.22249776039385,2.41609800478732e-05,0.00135339437451411,"SYN3"
"TPP2",5.29179954170979,7.47123087043397,1.76911342205154,4.22314972986301,2.4091165544868e-05,0.00135339437451411,"TPP2"
"H3C7",3398.23502017578,0.857554590641709,0.203399065773883,4.21611863053023,2.48543048460618e-05,0.00138498024764591,"H3C7"
"LOC728975",229.011849992919,0.989523174127653,0.235072406604254,4.20943992713498,2.56004495624398e-05,0.00141185159726053,"LOC728975"
"RAD54L2",127.533446921223,1.19678113632158,0.284291424342844,4.20969833714826,2.55711879835169e-05,0.00141185159726053,"RAD54L2"
"KRT1",8.58376061877883,4.99134811971122,1.18640755465195,4.20711087024014,2.58656260210434e-05,0.00141916068102125,"KRT1"
"CCR7",425.247354969064,0.737118230044106,0.175517719159794,4.1996798589493,2.67292636064164e-05,0.00145906322104617,"CCR7"
"PSMD13",2059.80339486917,0.592815637873284,0.141400008212729,4.19247244301021,2.75930608808594e-05,0.00149856933179855,"PSMD13"
"ANKRD9",1148.30441829655,0.648269970476664,0.15476622125262,4.18870451982228,2.80551404310641e-05,0.00150695111626858,"ANKRD9"
"HOXB3",51.2702469033265,-2.28959884600941,0.546733637332133,-4.18777753858687,2.81699432894397e-05,0.00150695111626858,"HOXB3"
"PPP1R13L",490.261363166601,0.844224784801936,0.201575292756328,4.18813622075434,2.81254690883177e-05,0.00150695111626858,"PPP1R13L"
"CPVL",76.3357981690229,-1.63682358799113,0.392480955285444,-4.17045353653069,3.03994033129172e-05,0.00161812545295971,"CPVL"
"ABCA7",57.2895112524754,1.76019225802297,0.422280849198299,4.1682976184326,3.06883068034807e-05,0.00162541680440812,"ABCA7"
"PLEKHM1P1",162.897507867767,-1.28992389570952,0.310756892168855,-4.15091001427772,3.31155954917672e-05,0.00174533870032718,"PLEKHM1P1"
"MAP3K19",65.3769334473143,-1.93132687371891,0.465469860956728,-4.14919855336982,3.33641328685472e-05,0.00174981792921856,"MAP3K19"
"ZCCHC3",33.4666994984048,-2.72598349219744,0.659886059607776,-4.13099118023149,3.61202441599097e-05,0.00188512435252133,"ZCCHC3"
"NAPG",980.926515909237,0.647759728513673,0.157038944501134,4.12483496097999,3.7100069376962e-05,0.00192686234108794,"NAPG"
"PTPRS",129.242808697465,1.35765996934979,0.329614136842651,4.11893731972395,3.8062365463489e-05,0.00196729105359357,"PTPRS"
"DPP9",461.31886590754,0.863202528113546,0.210090355182385,4.10872039967841,3.97857401807644e-05,0.00204647901054807,"DPP9"
"IRF6",841.625551832479,0.744314938264794,0.18137304599248,4.10377922580435,4.06455356271487e-05,0.00208070136686538,"IRF6"
"TBC1D10B",748.135433399164,0.828988472431312,0.20236748870442,4.09645085650167,4.19532497297241e-05,0.00212728824103468,"TBC1D10B"
"TRIM10",790.990697829917,0.720726930650806,0.17593642395629,4.09651915415686,4.19408800948996e-05,0.00212728824103468,"TRIM10"
"BIN2",27.6232921065915,-3.36729084670876,0.822592406403363,-4.09351073568943,4.24890394107098e-05,0.0021442935502603,"BIN2"
"ZRANB3",518.43538418778,-0.712935371740659,0.174245321258573,-4.09156106224907,4.2847908816301e-05,0.00215225247148171,"ZRANB3"
"STK11",1223.15642230827,0.741159416459637,0.181867394257914,4.07527374262903,4.59602498764321e-05,0.00229779772629882,"STK11"
"KRAS",42.6837503559497,2.0918302405951,0.514491041860144,4.06582441752937,4.78629619281241e-05,0.0023817945566,"KRAS"
"TULP3",272.322277635699,0.9027517217231,0.222098088056732,4.06465327829613,4.81039177550736e-05,0.00238270285213672,"TULP3"
"PUSL1",1567.37082563172,0.724916083752466,0.178427383501152,4.062807342281,4.8486045844371e-05,0.00239056315432685,"PUSL1"
"WNT9B",43.2772968696975,-2.27684346525966,0.560764112215065,-4.06025174518736,4.90198335459888e-05,0.00239480912834947,"WNT9B"
"ZKSCAN5",97.1039927811084,-1.4824470696169,0.365031307335101,-4.06115048169282,4.88314824834516e-05,0.00239480912834947,"ZKSCAN5"
"USP5",268.335731895709,0.88324319639849,0.217596945320871,4.05907902381647,4.92666402810826e-05,0.00239592629257865,"USP5"
"MTHFD1",146.373519574218,-1.24864837276384,0.307981688037851,-4.05429420404495,5.02858972378555e-05,0.00243442902510324,"MTHFD1"
"CABP7",234.18496662745,0.995270108567874,0.245725034308898,4.05034070446698,5.11431150383534e-05,0.00246477562069974,"CABP7"
"H2AC8",2567.04243444917,0.801431218857187,0.198002034561299,4.04759082719968,5.17475042918541e-05,0.00248271994806523,"H2AC8"
"MLLT3",619.472801269025,-0.64659169519884,0.160122200806887,-4.03811396508753,5.38826755522823e-05,0.00256218109215052,"MLLT3"
"SOX4",1510.94020448437,0.579947789467636,0.143617116259368,4.03815230783682,5.38738709923925e-05,0.00256218109215052,"SOX4"
"ATXN1",665.537243249064,-0.729388987982281,0.180734866516504,-4.03568499006624,5.44432228568651e-05,0.00257738071391858,"ATXN1"
"NCCRP1",529.792941856492,0.722978391477299,0.17967707262825,4.02376541927047,5.7274967988769e-05,0.00269949287450149,"NCCRP1"
"PCDHB19P",1055.09675615313,0.644793682537701,0.160422243328471,4.01935335873256,5.83580905131381e-05,0.00273847899298274,"PCDHB19P"
"CRYM",390.802139116135,-0.775850775518052,0.193416690787195,-4.01129174716195,6.03874307993567e-05,0.00282133241101449,"CRYM"
"CA11",92.5977547929406,1.39019367913279,0.347596408135182,3.99944776929956,6.34904573484046e-05,0.00295341044856774,"CA11"
"PCNX3",3437.35010466745,0.536066837996107,0.134236306538675,3.99345640399947,6.51170557997325e-05,0.00301596268398848,"PCNX3"
"ANK2",91.3447109369826,-1.51153045277987,0.378926794774692,-3.98897748489552,6.63587190387388e-05,0.00306022385773908,"ANK2"
"SNRNP70",30.4158037933059,2.21757429322611,0.556272803177387,3.98648699084243,6.70588027824867e-05,0.0030792366136044,"SNRNP70"
"CCNT2",143.642296104365,-1.26626091410224,0.317936919747277,-3.9827425990941,6.81245266669415e-05,0.0031148047470496,"CCNT2"
"GRHL3",45.4950860966264,-2.36313742191638,0.5949741786476,-3.97183189913868,7.13220432868297e-05,0.00324712570691826,"GRHL3"
"H1-4",8785.28880642189,0.684560487413699,0.172459815505589,3.96939127765398,7.20564752717726e-05,0.00326666198700295,"H1-4"
"ARRDC4",122.887906638312,-1.40429483596486,0.354514337077858,-3.9611792502949,7.45805170972572e-05,0.00336037199321008,"ARRDC4"
"PIDD1",341.424179328482,1.01581025924981,0.25647682024167,3.96063183523817,7.47517089806522e-05,0.00336037199321008,"PIDD1"
"GALP",297.343935158767,0.910664014529544,0.230979085974178,3.94262541428254,8.05944812247205e-05,0.00360786759256604,"GALP"
"SPTBN5",311.718968775753,0.905292057773924,0.229966860601864,3.93661963034419,8.26374334574289e-05,0.0036839079190043,"SPTBN5"
"LINC00668",47.3183807467357,-2.03056736669563,0.516054487378598,-3.93479257783475,8.32685774093864e-05,0.00369664111909969,"LINC00668"
"ZBTB33",5.04739195095304,7.39061773322601,1.88036409832587,3.93041844385672,8.47981539995119e-05,0.00374898946132553,"ZBTB33"
"L3MBTL1",1947.59327351846,0.523010269932815,0.133256129495461,3.92484962540226,8.67839322778345e-05,0.00382099296889116,"L3MBTL1"
"KRTAP3-3",196.052664394209,0.925950748015149,0.236072519489243,3.92231484638068,8.77022842602787e-05,0.00384560139057673,"KRTAP3-3"
"GPI",4.40566945737875,7.20184874277133,1.8388759572928,3.9164407551306,8.9865887002751e-05,0.00390843546765217,"GPI"
"KIF7",266.31086183968,0.876760716728758,0.22385924733209,3.91657135980675,8.98172381070871e-05,0.00390843546765217,"KIF7"
"PLEKHG5",33.4721218354623,2.08949170103043,0.534040632014004,3.91260809715998,9.13046453765262e-05,0.00395493279709901,"PLEKHG5"
"H2AC4",897.438036927236,0.807650411067406,0.206540656074312,3.91037012478947,9.21548005765385e-05,0.00397566214261446,"H2AC4"
"WDR1",665.374651837904,0.668929512399511,0.17112947140819,3.90890889158382,9.27139186507552e-05,0.0039837197415439,"WDR1"
"LRRN4",62.5892985930516,-1.75238330666649,0.448964540909772,-3.90316639063632,9.49423843232077e-05,0.004063154279496,"LRRN4"
"TEX30",4.49746030800991,7.22570998899383,1.85327871136203,3.89887929143881,9.66389322203973e-05,0.00411928261285271,"TEX30"
"RIN1",418.68900197622,-0.96599360842687,0.247932485948524,-3.89619619523127,9.77152431431025e-05,0.00414863248566688,"RIN1"
"RPTN",14.7787987946028,3.79695470305288,0.974851197565841,3.89490694839756,9.82364345514515e-05,0.00415122367474127,"RPTN"
"SMG5",2104.48853237363,0.603394214699809,0.154949732111277,3.89412880214908,9.85522771646213e-05,0.00415122367474127,"SMG5"
"MEGF10",215.865602143977,-0.928695343832283,0.238707163292239,-3.89052147000432,0.00010002902549586,0.00419690409325569,"MEGF10"
"CROCCP3",155.517077115895,1.12108933234025,0.288295870799336,3.88867634223097,0.000100792423795745,0.00421241461793232,"CROCCP3"
"BTN3A3",63.2566822560583,-1.65757592540805,0.426841106795068,-3.88335588822255,0.000103024603544378,0.00428895032420738,"BTN3A3"
"PKD1P6-NPIPP1",2387.61975110347,-0.482115349232733,0.124403575940966,-3.87541391464113,0.000106443606754703,0.00441410910336655,"PKD1P6-NPIPP1"
"BMP8B",191.362204988117,0.975211077328126,0.251960205580495,3.87049643447195,0.000108613945758952,0.00448672048523176,"BMP8B"
"MYO1F",564.937336212088,0.644563050215378,0.166592062977589,3.86911020065876,0.000109233265726108,0.00449494888462935,"MYO1F"
"ATP2C2-AS1",57.9089877231304,-1.75636000376266,0.45477408170852,-3.86204947556438,0.000112439787842356,0.0046091696939669,"ATP2C2-AS1"
"OGFRL1",65.5973660063662,-1.66997955528301,0.433363257662934,-3.85353286360495,0.000116425628047482,0.00475434272702295,"OGFRL1"
"LINC01559",34.4485981506236,2.31029983446126,0.600332892619461,3.8483645704979,0.000118909003708701,0.00483729061094824,"LINC01559"
"H4C2",791.317880213436,0.74910509430691,0.195914050019569,3.82364151132645,0.000131495064233393,0.00532903671300404,"H4C2"
"ZNF250",469.090534254183,0.837571997234513,0.219319635672669,3.81895581152877,0.000134017764631878,0.00541077759923195,"ZNF250"
"PDK3",376.829086722193,-0.791940023783627,0.207650287580707,-3.81381616664425,0.000136837271037567,0.00550384196552983,"PDK3"
"PDZK1IP1",394.67189692345,-0.723317340827802,0.18989177715941,-3.80910301461127,0.000139471844373137,0.00558879873763369,"PDZK1IP1"
"HNRNPD",33.9804535818372,-2.58595073775269,0.680255896814569,-3.80143817916449,0.000143858634626838,0.00573555686114412,"HNRNPD"
"ZFY",40.8088243580742,-2.20076413764534,0.579020476302653,-3.80083991450244,0.000144206448794071,0.00573555686114412,"ZFY"
"GSTM3",18.6687782400885,-5.10865330146257,1.34599998998917,-3.79543338741309,0.000147385765217019,0.00584029741502552,"GSTM3"
"MELK",1432.89876987342,0.645695504977662,0.1702479175652,3.79267784424076,0.000149031445324639,0.00588371746689415,"MELK"
"DIO2",22.6567844061698,-4.45446364686693,1.17528529985264,-3.79011261982555,0.000150578997834097,0.0059229584478934,"DIO2"
"ABHD2",49.2877602766489,1.73602416618699,0.459198327014983,3.780554205134,0.000156479644974824,0.00613251180067999,"ABHD2"
"HSPA2",255.225139205218,-0.965689875447836,0.255597321759058,-3.77816899176336,0.000157985662269608,0.00614650400226377,"HSPA2"
"LINC01126",22.9373704305743,-3.41431021179027,0.903565359505796,-3.77870861899545,0.000157643753900474,0.00614650400226377,"LINC01126"
"FAM155A",283.798204049993,0.868196663672565,0.230031107956766,3.77425762708469,0.00016048484866084,0.00622111375297945,"FAM155A"
"C22orf39",415.069125708213,0.679860112184271,0.180331389315187,3.7700597481451,0.000163208470194745,0.00630385351124037,"C22orf39"
"ARHGAP21",39.2556421315056,1.84489981706605,0.489614061269475,3.76806951230646,0.000164514896183723,0.00633145638226494,"ARHGAP21"
"ZNF639",362.061914073566,-0.816634576463359,0.216969058034833,-3.76382966244088,0.000167330885128209,0.00641674960568711,"ZNF639"
"LAMA1",4.267983181432,7.16486759695699,1.90596574249219,3.75917963120806,0.000170471413650877,0.00649065357526951,"LAMA1"
"UBR3",4.267983181432,7.16486759695699,1.90596574249219,3.75917963120806,0.000170471413650877,0.00649065357526951,"UBR3"
"MADD",386.09702485357,-0.815531482237476,0.217041484721582,-3.75749126156057,0.000171625358272999,0.00651141740483268,"MADD"
"VPS26B",178.449582352873,1.05927013115428,0.282021024705749,3.75599702986501,0.000172652740476286,0.00652724971857166,"VPS26B"
"CRYZL2P",119.876226943417,-1.18780061039921,0.316574516301016,-3.75204114430293,0.000175400668813484,0.00660778787195588,"CRYZL2P"
"RAB11FIP3",361.923721559954,0.814299059588863,0.218056307581743,3.7343522350694,0.000188198947337367,0.00706505451776311,"RAB11FIP3"
"AAK1",454.627016061284,-0.683326228396355,0.183232348296799,-3.72928816744468,0.00019202145540796,0.00718334808185232,"AAK1"
"PHRF1",568.71754545607,0.750550608586695,0.201465055619524,3.72546299048578,0.000194957056294193,0.00726775451321104,"PHRF1"
"NOL7",372.189717794208,0.795111091664276,0.21469650585332,3.70341887262708,0.000212713227024087,0.00790214866642607,"NOL7"
"RRP12",2007.73938069119,-0.493766599128399,0.133578825133288,-3.69644364393612,0.000218640765957549,0.00806633639648214,"RRP12"
"TSLP",26.8646168116811,-3.03495266693566,0.82100471513693,-3.69663244434532,0.000218478301767216,0.00806633639648214,"TSLP"
"PPFIA3",371.162037931412,-0.770229303087299,0.208555245072414,-3.69316678091631,0.000221478663216727,0.00814295607476206,"PPFIA3"
"PRR14L",182.302237961296,-1.00272327045723,0.271610253161792,-3.69177252620109,0.00022269660076825,0.00815969497129967,"PRR14L"
"AGO1",456.572203334697,-0.712046449418856,0.192924035947378,-3.69081253106831,0.00022353884695904,0.00816260110448725,"AGO1"
"LOC101928053",2463.81569525373,0.503477801209244,0.136462607539722,3.68949275033228,0.000224701631040691,0.00817715221259985,"LOC101928053"
"HES3",441.22367804999,-0.66474300540895,0.180259062757547,-3.6877092071817,0.000226282032537639,0.00820675073261083,"HES3"
"LOC101929188",171.815368038884,0.993187755133437,0.270068343353743,3.67754229466477,0.000235492037543738,0.00851192334351505,"LOC101929188"
"XIRP1",210.114981885062,1.05436906763503,0.287508399787321,3.66726352487434,0.000245160099881685,0.00883154177991295,"XIRP1"
"RPS6",20289.6682106492,-0.454105268529686,0.124037679257676,-3.66102680449485,0.000251206473164876,0.00901898676641279,"RPS6"
"EXD1",124.994335857879,1.1382738395183,0.311061278168237,3.65932348192392,0.000252881962365272,0.00904877630550516,"EXD1"
"TMPPE",227.766713499288,-0.848738007257795,0.232487674365762,-3.65067958795318,0.000261547356987633,0.0093276505747023,"TMPPE"
"FAM174C",182.455564522211,0.981188766446388,0.269297308415864,3.64351493974526,0.000268940034404959,0.00955943331594237,"FAM174C"
"IL22RA1",994.705152496565,0.725264873544226,0.199154624922729,3.64171745358978,0.000270825223833332,0.00959456645626762,"IL22RA1"
"SPINK4",353.056656761209,0.688644964427839,0.189272327663088,3.6383816532,0.000274356650266094,0.00968759670362028,"SPINK4"
"ABHD14B",240.527198500221,0.818813067899463,0.22523387234231,3.63539044720162,0.000277559929557178,0.00974113452400861,"ABHD14B"
"PKLR",405.631481317815,0.755855468728422,0.207923007475978,3.63526613963463,0.000277693805946596,0.00974113452400861,"PKLR"
"SEC61A2",123.699800843399,-1.08399047435966,0.298828538341338,-3.6274663737821,0.000286216036315276,0.0100072724592717,"SEC61A2"
"LSM4",102.888527241305,1.15958285392889,0.319827675572309,3.62564888061642,0.000288236776065428,0.0100450985899805,"LSM4"
"TIGD1",3.94183524014171,7.03981234198903,1.9435142534878,3.62220772466963,0.000292099409498046,0.0101466609812325,"TIGD1"
"PTP4A2",129.349151979752,1.19743870540382,0.330963215867054,3.61804166746077,0.000296840614617583,0.010277986199979,"PTP4A2"
"METRN",287.03734612719,0.819948626591663,0.226778500486217,3.61563651242811,0.000299610535344142,0.0103404294117644,"METRN"
"ARHGEF11",316.498002565722,0.901619794252899,0.249462892202237,3.61424413183651,0.000301225128603123,0.0103627255656747,"ARHGEF11"
"CDKN2B",678.5457495415,0.647466567588404,0.179240534890856,3.61227759101848,0.000303519399066159,0.0103769331388768,"CDKN2B"
"H19",16.2839522454756,-4.90786248502121,1.35868029431034,-3.61222761938445,0.000303577911250439,0.0103769331388768,"H19"
"LOC101927053",96.5589243916714,1.18630443448734,0.328827487319929,3.60768025859451,0.000308946889340514,0.0104934056160449,"LOC101927053"
"PNMT",61.8519604543534,1.66442698258624,0.461268797825788,3.60836672766855,0.000308130730842179,0.0104934056160449,"PNMT"
"RPN2",100.253760002532,1.12900562573645,0.313123105508004,3.60562860381951,0.000311398228851075,0.0105431950964483,"RPN2"
"SLC6A4",341.088768021742,0.711454219244535,0.197367634407514,3.60471574470798,0.000312494766271878,0.0105469448086524,"SLC6A4"
"SLC12A7",444.585511478469,0.767297198251662,0.213158005559554,3.59966399684336,0.000318628631065058,0.0107201500747329,"SLC12A7"
"LYG2",42.1448869186882,-2.03734864357455,0.567521548024425,-3.5899053536675,0.000330798050177719,0.011094696986995,"LYG2"
"MRPL52",16.0215311510468,-4.8783671452109,1.36336211381839,-3.57818887276249,0.000345983402476674,0.0115317022526415,"MRPL52"
"POU1F1",105.554555148393,1.19884328951705,0.335041249376865,3.5781960930087,0.000345973846925518,0.0115317022526415,"POU1F1"
"NCLN",1220.98106159054,0.716055924530347,0.200875766924017,3.56467051996969,0.000364313541062387,0.0121049396764797,"NCLN"
"KRT72",10.5000436178353,3.60011511967346,1.01034152012743,3.56326553739907,0.000366269842622402,0.0121217647337998,"KRT72"
"SPART-AS1",9.65778477301708,3.5722510372279,1.00268603504187,3.56268154974226,0.000367085874731389,0.0121217647337998,"SPART-AS1"
"TPMT",368.888464389774,0.697672308103646,0.196267654378611,3.55469835471614,0.000378412957039443,0.0124573545457385,"TPMT"
"SRSF10",15.6641628931617,-4.84829934112447,1.36442666831151,-3.55336014292676,0.000380343376045016,0.0124824962586062,"SRSF10"
"ZBTB20",92.1479976221888,-1.47944902732528,0.416600477354637,-3.55124179578382,0.000383417995519189,0.0125449208992654,"ZBTB20"
"SLC25A34",191.417505644202,0.918516808413286,0.258774349213027,3.54948939570957,0.000385979010863834,0.0125902116988785,"SLC25A34"
"MICB",631.071388791976,0.629936609492774,0.177513531347377,3.54866811961534,0.000387184744613236,0.0125911537465563,"MICB"
"STC2",55.7037206383921,1.54286433775,0.436308161818256,3.53618032566781,0.000405957487317009,0.013161633808499,"STC2"
"MRM2",16.2802407768931,2.4920856854704,0.705345422242226,3.53314221214947,0.000410651510204819,0.0132735966999437,"MRM2"
"CRLS1",45.0035592461083,-1.93289625208768,0.547280744883147,-3.53181848650711,0.000412712541059358,0.0133000345686568,"CRLS1"
"SIGLEC6",4.00565312806627,7.05899701339784,2.00101437047681,3.52770930461423,0.000419172218373726,0.0134676383314729,"SIGLEC6"
"CD99P1",328.029968413809,-0.783854492077783,0.222704585509851,-3.51970521973428,0.000432026667511124,0.0138390817835375,"CD99P1"
"ATG4B",3.45572148512314,6.84891658990835,1.94671196176668,3.5181972086373,0.000434489341653594,0.0138764222876173,"ATG4B"
"HEBP2",2995.1313625776,0.447012650576824,0.127091385673397,3.51725373209456,0.000436036754382857,0.0138843965331613,"HEBP2"
"LINC02252",40.6149084868379,-1.94107137339831,0.552834555053012,-3.51112526461407,0.000446214082245144,0.0141663040532368,"LINC02252"
"ERP27",50.6940035504797,-1.65384236125951,0.471302553400669,-3.50908848111742,0.000449645290979962,0.0142330028644811,"ERP27"
"GGT5",24.8110199000304,-2.87821995242656,0.820723532587106,-3.50692996867503,0.000453308432289543,0.0143066280739405,"GGT5"
"SRRT",740.678728896563,0.595604365618957,0.169915122976703,3.50530520876957,0.000456084110034748,0.0143518938037111,"SRRT"
"PHACTR4",95.4164218494751,1.0811676231065,0.308585330938114,3.50362611151897,0.000458969274104219,0.0143914762955897,"PHACTR4"
"TRIB3",162.447017383598,-0.936415554326507,0.267317410197876,-3.50300997467148,0.000460032236011934,0.0143914762955897,"TRIB3"
"ODAPH",9.40594675684895,3.79396440685481,1.08404105608443,3.49983461010107,0.000465546907440539,0.0145215345851496,"ODAPH"
"TUSC2",637.712663254783,0.688155354818393,0.196707822650532,3.49836293008518,0.000468123643373584,0.0145594618036453,"TUSC2"
"MGAT4C",29.5998677823471,-2.3446927523316,0.670898785831818,-3.4948531758401,0.000474322604822271,0.0147095001420101,"MGAT4C"
"EGFR",241.076272937291,0.931009775795178,0.266537175609208,3.49298282187926,0.000477657234944627,0.014727535321823,"EGFR"
"RNF126",287.631208615301,0.909070369103524,0.260241683835261,3.49317740227574,0.000477309303648103,0.014727535321823,"RNF126"
"PRUNE1",226.293541364696,0.794210301471882,0.227491232319417,3.49116883923132,0.000480912238747635,0.0147638499910561,"PRUNE1"
"RAB3GAP1",364.550334756555,-0.853017424893549,0.244362295851296,-3.4907898615122,0.000481594882407568,0.0147638499910561,"RAB3GAP1"
"PLA1A",49.8971000051014,-1.7806881609623,0.510316311816299,-3.48938123224897,0.00048414014383386,0.0147994725682242,"PLA1A"
"MIR1203",75.511839106284,1.42138620311456,0.407576832625539,3.48740676440865,0.000487728945363136,0.0148667008160689,"MIR1203"
"CBX3P2",18.78437869071,-4.19797017724532,1.20416994998686,-3.48619410183015,0.00048994536784197,0.0148918337799467,"CBX3P2"
"ACSM3",30.8558539534599,-2.38599974326833,0.685012916769305,-3.4831456237662,0.00049555872343349,0.0150197812521669,"ACSM3"
"GOLGA8A",203.832647616321,0.826272534395839,0.237455466703455,3.47969472283292,0.000501985425891439,0.0151715877729167,"GOLGA8A"
"LY6G6E",19.1108709355259,-3.57673216156001,1.02895177868262,-3.47609308391435,0.000508775663391981,0.0153334952750163,"LY6G6E"
"NACA",382.204009074998,-0.718924309039633,0.206877020142346,-3.4751288883848,0.000510607954798958,0.0153454901921181,"NACA"
"DCST2",1383.57642622798,0.680041773228155,0.195759263301997,3.47386765641356,0.000513014000317091,0.0153746128554413,"DCST2"
"ARAP2",101.146946737769,1.1601466537174,0.334301810797881,3.47035707329395,0.000519766883966567,0.0155334801440176,"ARAP2"
"ZNF230",887.668598988082,-0.603920758104261,0.174197432726377,-3.4668751924311,0.000526546315038749,0.0156922535504167,"ZNF230"
"CYBRD1",33.9075628642213,-2.23104657922488,0.643755495466695,-3.46567383880345,0.000528904480627801,0.0157146007179189,"CYBRD1"
"PUF60",1156.49855305086,0.770594268604703,0.222393802132988,3.46499884985058,0.00053023374700147,0.0157146007179189,"PUF60"
"LINC01022",390.355532659595,0.632615807367289,0.182653583237457,3.46347329274599,0.000533249528114068,0.0157603223792608,"LINC01022"
"CRB3",487.519329201422,0.681758375581352,0.196997701437542,3.46074279347622,0.00053868722586257,0.0157901770671333,"CRB3"
"DPEP2",12.3413019800287,3.04210174185323,0.878774215124171,3.46175580655081,0.000536663844266101,0.0157901770671333,"DPEP2"
"IRX4",3.89593981482612,7.02600838821184,2.02999171501414,3.46110200167143,0.000537968935267504,0.0157901770671333,"IRX4"
"ORMDL3",567.066093397903,0.882583169465565,0.255182587831838,3.45863398033716,0.000542922166824823,0.0158708313192863,"ORMDL3"
"PCGF3",151.528825647283,-0.966876254503286,0.279750072761339,-3.4562144880232,0.000547819217697022,0.0159703482565135,"PCGF3"
"LONP1",1357.28290798704,0.589525102538942,0.171058701650871,3.44633214709041,0.000568251456559691,0.016520984602533,"LONP1"
"RAD51C",122.791270793375,0.982036924254213,0.285240391586766,3.44283963007915,0.000575640558171058,0.0166546736496247,"RAD51C"
"TRIT1",230.283089924766,0.770567097320283,0.223827157284338,3.44268812895388,0.000575963104062167,0.0166546736496247,"TRIT1"
"ADAM10",9.35317325403914,-5.1108380423985,1.48674300972886,-3.4376069091662,0.000586878993277861,0.016924577760323,"ADAM10"
"HOTS",9.04990524113036,-5.06439833141936,1.47587770648237,-3.43144849276837,0.000600367127986445,0.0172670104901263,"HOTS"
"HNF4A",478.012058392714,0.571701228971413,0.16673099104565,3.42888400882164,0.000606068483126556,0.0173842538900027,"HNF4A"
"MAOA",65.3913455469035,1.4998829216977,0.437619671603457,3.4273663160572,0.000609466306889974,0.0174349733085985,"MAOA"
"LZTFL1",29.8422453992586,-2.35189874471126,0.686570205891654,-3.42557647350402,0.000613496200222515,0.0175034555898152,"LZTFL1"
"NEDD9",294.550086336114,-0.897184768833118,0.262178406360995,-3.42203914229984,0.000621533652158654,0.0176605566134165,"NEDD9"
"PSPC1",675.05279464876,0.652660687059393,0.190781678076842,3.42098200224719,0.000623954612568598,0.0176605566134165,"PSPC1"
"TUG1",910.772076640993,0.666138763984558,0.194709123734639,3.42119953707156,0.000623455719455758,0.0176605566134165,"TUG1"
"DUS3L",485.198962009439,0.799294109788794,0.234366416166318,3.41044644050696,0.000648566210837235,0.0182126243825396,"DUS3L"
"ECE2",3.44784952261179,6.84668285026631,2.00724376451551,3.41098723099978,0.000647281227109797,0.0182126243825396,"ECE2"
"KLHL21",176.266106380071,0.867554804730493,0.254286295346884,3.41172458211725,0.000645533006421848,0.0182126243825396,"KLHL21"
"H3C3",1834.14975454997,0.659826436047083,0.193519307538701,3.40961552849257,0.000650545182218966,0.018220351793903,"H3C3"
"KRT17",189.44321319855,-0.84356685353787,0.24745993856704,-3.40890270329286,0.000652247381723979,0.018220351793903,"KRT17"
"PPP2R2D",600.51521348463,0.534754928115456,0.156931001247963,3.407579916415,0.000655417126490425,0.0182612183237527,"PPP2R2D"
"ANKS4B",24.0797239901421,-2.84724074183532,0.835994810499602,-3.40581150274578,0.000659677089138132,0.018332169290101,"ANKS4B"
"PRR11",41.8004561482938,-1.91332276709542,0.562108585812723,-3.40383124432986,0.000664477918628865,0.0184177441746379,"PRR11"
"PLAA",661.861061645913,0.585743660452691,0.172131043065871,3.40289380706617,0.000666761901131846,0.0184332960728931,"PLAA"
"ADAMTS14",647.909978680975,0.600021168138253,0.176430133863983,3.40089957989168,0.000671644959390178,0.0184940497147457,"ADAMTS14"
"HAUS5",878.356644122787,0.578838665955494,0.170217345370749,3.40058567295083,0.000672416612677452,0.0184940497147457,"HAUS5"
"P2RX7",481.395135039655,-0.668349691956833,0.196720707270224,-3.3974547023093,0.000680158474347727,0.0186112928824714,"P2RX7"
"UBIAD1",271.127904305284,0.70037328855311,0.206138274956937,3.39758974261049,0.000679822861395029,0.0186112928824714,"UBIAD1"
"C6orf136",122.150836395256,1.07480593540934,0.317171803711842,3.38871842588451,0.000702200771455608,0.0191654236066417,"C6orf136"
"SLC4A8",242.813705708864,-0.747495879755005,0.220686485754764,-3.38713934928328,0.000706255055812566,0.0192270301326683,"SLC4A8"
"H2BC6",1367.1300699491,0.677434087228861,0.200113772372637,3.3852446995372,0.000711148279218729,0.0192719698364604,"H2BC6"
"MRPL14",60.7488920522462,1.32678595801752,0.39194815636245,3.38510575054367,0.00071150837325001,0.0192719698364604,"MRPL14"
"CBFB",259.268663651636,0.740726272865604,0.219663317916792,3.37209817228651,0.000745978528084774,0.0201546067474217,"CBFB"
"SPRYD4",346.411489754265,-0.762625710846515,0.226233101685809,-3.37097314744703,0.000749031584631097,0.0201861181963932,"SPRYD4"
"TAB1",115.8890840447,1.06804649338855,0.31704759112465,3.36872609440088,0.000755164329779974,0.020300259206824,"TAB1"
"PCSK4",19.7941400211558,-3.20578920506637,0.952126934571002,-3.36697670096981,0.000759971087776867,0.0203782723511897,"PCSK4"
"C5AR2",1109.53098863729,0.574479152664972,0.170939300582896,3.36072015449941,0.000777395478308953,0.0207933855560687,"C5AR2"
"CYP4Z1",188.842568350985,-0.85132626143937,0.253561180060929,-3.35747870093838,0.000786568032680397,0.0209862627971261,"CYP4Z1"
"LETM1",304.130987031465,0.769943246690531,0.229623221278892,3.35307223024882,0.000799198470139205,0.0212702100298989,"LETM1"
"PRRC2A",1113.7171551324,0.56693627652423,0.16923828493418,3.34992922402116,0.000808322114409826,0.0214596483922351,"PRRC2A"
"TERF2IP",108.730535444419,1.03415987125167,0.308910518881047,3.34776515541673,0.000814660139580284,0.0215743783004194,"TERF2IP"
"ZDHHC15",5.08035169894864,5.58635899625475,1.66999928930815,3.34512657102333,0.000822450284677939,0.0217269027056031,"ZDHHC15"
"ZNF252P",66.9068649194044,1.4631857347405,0.43838621963453,3.33766361533973,0.000844859638903387,0.0222639243266683,"ZNF252P"
"NRXN3",13.8741230545946,-4.66286184720326,1.39748562281527,-3.33660809891541,0.000848074411686874,0.0222937300507073,"NRXN3"
"CARD6",92.9318914692134,1.22676297375182,0.368237607854874,3.33144401219144,0.000863966772848741,0.0226004413269161,"CARD6"
"ERI2",13.3136307959543,-4.60453760152643,1.38209916642153,-3.33155370713976,0.000863626337607008,0.0226004413269161,"ERI2"
"STON1",16.6456031092682,-3.99968143632265,1.20196999906436,-3.32760504790976,0.000875959566417514,0.0228582717100024,"STON1"
"PITRM1",552.61506563131,0.738478327635236,0.22216192490503,3.32405441639435,0.000887188827713361,0.0230949714542707,"PITRM1"
"NTM-AS1",9.48702323429755,-5.13081710325501,1.54395199630447,-3.32317139103799,0.000890002137142709,0.0231119729740045,"NTM-AS1"
"FAM222B",217.185165860837,-0.813510544580746,0.245655822045681,-3.31158666546673,0.000927685004077206,0.0239741590787972,"FAM222B"
"SELENOP",8.46262525515997,-4.96812805561029,1.50008872682874,-3.31188946810709,0.000926681512580809,0.0239741590787972,"SELENOP"
"AXIN2",86.1654339767133,1.06818433320094,0.323265513188728,3.3043559848505,0.000951948709050328,0.0245419258750107,"AXIN2"
"CACNA2D2",369.172281642509,0.619781518275332,0.187607813618644,3.30360184003413,0.000954512930666581,0.0245488794355811,"CACNA2D2"
"H3C1",913.304728706189,0.706567349476566,0.214014090317199,3.30149920703508,0.00096169606726258,0.024674307490749,"H3C1"
"PLK1",538.263102095642,0.624546903582442,0.189342597821711,3.29850182033802,0.000972022498434342,0.0248795902171029,"PLK1"
"PMVK",102.154420428178,1.21749646001196,0.369540988594535,3.29461818198418,0.000985554923212353,0.025132680688469,"PMVK"
"PTPDC1",31.8949041741306,-2.00110648354802,0.607441835600713,-3.29431785278517,0.00098660864465436,0.025132680688469,"PTPDC1"
"EXOSC3",382.838694658675,0.703922536481427,0.213854145555758,3.29160108003561,0.000996188098845865,0.0253164286687694,"EXOSC3"
"KRT33A",233.280071587472,-0.749502663483631,0.22783717796845,-3.28964162112041,0.0010031506046136,0.0254329581013291,"KRT33A"
"H3C8",3026.41553331527,0.632270591643272,0.192479706399728,3.28486884913581,0.00102029852675157,0.0257249072405443,"H3C8"
"IL36RN",21.9447162188175,-2.69500487465572,0.82053893784584,-3.28443264585458,0.00102187920153578,0.0257249072405443,"IL36RN"
"LOC100288175",8.3047830611256,-4.93944910902188,1.503309837132,-3.28571594957785,0.00101723534201359,0.0257249072405443,"LOC100288175"
"CHAF1A",403.367929857969,0.657768385350199,0.200655305735446,3.27810113437735,0.00104507945086287,0.0262025384628528,"CHAF1A"
"DPP6",191.092760261591,-0.815974507821725,0.248930577261968,-3.27791995984091,0.00104575043682944,0.0262025384628528,"DPP6"
"KHSRP",1330.09333107235,0.476778703875612,0.145633822844153,3.27381850290249,0.00106104738584925,0.026523705563554,"KHSRP"
"NDUFS6",534.516524595701,0.731877205415751,0.223688495908541,3.27185894135116,0.00106842868440734,0.026645963856583,"NDUFS6"
"COASY",8.15665780634282,-4.91460854374715,1.50300888362543,-3.26984663716196,0.00107605806763218,0.0267738261990621,"COASY"
"DIDO1",875.412738180952,-0.604118512279839,0.184932456090218,-3.26669815051353,0.00108809629997098,0.0268857790147563,"DIDO1"
"LOC101929653",32.370061862948,-2.15309150492091,0.658947775044197,-3.26746911737656,0.00108513704793819,0.0268857790147563,"LOC101929653"
"NSRP1",292.025427742119,0.720000178480749,0.220399948649462,3.26678922972836,0.00108774631634106,0.0268857790147563,"NSRP1"
"DAPK3",279.479767247643,0.883523602395268,0.270702419648777,3.26381863723862,0.00109921504419636,0.0270356362249582,"DAPK3"
"TNFAIP8L1",212.539673506325,-0.849159985971385,0.260131225214893,-3.26435238703042,0.00109714616125209,0.0270356362249582,"TNFAIP8L1"
"PPP1R36",112.797253602623,-1.19158076149201,0.365200189755475,-3.2628152857474,0.00110311393234732,0.0270693026655597,"PPP1R36"
"MAPK1IP1L",8.04699732231122,4.26342395856778,1.30721960274294,3.26144432780983,0.00110846196606131,0.0271382942217161,"MAPK1IP1L"
"SFTPB",3.3739811345896,6.82120688769918,2.09525385497542,3.25555152732517,0.00113172358668764,0.02764454487208,"SFTPB"
"ARHGAP23",113.290612487986,0.924710513871322,0.284381294934789,3.25165730074957,0.00114734268213761,0.0279622308797046,"ARHGAP23"
"GALT",92.4118280419249,-1.14666420591403,0.352808302663321,-3.25010550278424,0.00115362201773641,0.0280513681085497,"GALT"
"PAN2",66.5756467013054,1.2703348376899,0.391244894520957,3.24690457429561,0.00116667499737179,0.0283044349135619,"PAN2"
"ATP8A1",113.427820010186,-1.03975268478786,0.320555394243394,-3.24359752935055,0.00118030394591526,0.0283090619113754,"ATP8A1"
"CYP4A22",701.151486507106,-0.563667971581806,0.173844267768048,-3.24237306653034,0.00118538739473747,0.0283090619113754,"CYP4A22"
"FAM234B",415.591121340673,0.667953033077863,0.205859404665527,3.2447049682434,0.00117572368577283,0.0283090619113754,"FAM234B"
"GLB1",115.510245473671,-0.98649649693828,0.304104488568085,-3.24393928410372,0.0011788887254295,0.0283090619113754,"GLB1"
"GTF2IP20",340.261599151137,0.695453199950503,0.21445644472461,3.24286453990019,0.0011833445809841,0.0283090619113754,"GTF2IP20"
"RPS2",3.40195409729621,6.83095628916825,2.10504060111908,3.24504728580379,0.0011743112199332,0.0283090619113754,"RPS2"
"THAP6",34.1138808331567,2.3666389834214,0.729250155855073,3.24530473448638,0.00117324997210244,0.0283090619113754,"THAP6"
"SPRY4",79.0435302680764,-1.40060307459931,0.43219956090743,-3.24063974442421,0.00119261800245626,0.0284183073681058,"SPRY4"
"C16orf70",437.833706787286,0.586305098556388,0.18098091681148,3.23959624520587,0.00119699061971808,0.028459116978586,"C16orf70"
"CRTAC1",59.3452323073148,-1.47534197437332,0.455511891296383,-3.23886599354083,0.00120005942693457,0.0284688155405167,"CRTAC1"
"CCDC33",18.6778804497125,2.14259268445921,0.662053076586641,3.23628536779229,0.00121096256148268,0.0286006367445987,"CCDC33"
"GPHN",57.2940539094174,-1.60080575045758,0.49463130481645,-3.23636157855317,0.00121063926435873,0.0286006367445987,"GPHN"
"BANK1",57.3802463785175,1.33607091579482,0.413417391268096,3.23177240245415,0.00123025001830047,0.028613544905443,"BANK1"
"CASQ1",48.0441722066053,-1.54501244202435,0.478200429180179,-3.23088886530926,0.00123405912026111,0.028613544905443,"CASQ1"
"DUS4L-BCAP29",110.092038070374,-1.227065357913,0.379658721597303,-3.23202204535294,0.00122917572792171,0.028613544905443,"DUS4L-BCAP29"
"HECTD4",677.717917900756,-0.572684100468738,0.177108686963309,-3.23351784877374,0.0012227569515079,0.028613544905443,"HECTD4"
"LTBP2",76.4380933865556,-1.30883341777174,0.404692658743718,-3.2341417356933,0.00122008889482986,0.028613544905443,"LTBP2"
"MBD3",840.870169472473,0.668399761000837,0.206900508138671,3.23053706834231,0.00123557881543272,0.028613544905443,"MBD3"
"PHC3",68.3219249268179,1.21971417346595,0.376987286164666,3.23542522050249,0.00121461696483646,0.028613544905443,"PHC3"
"RAPGEF5",82.7838497993081,-1.39790267050919,0.432646197297776,-3.2310527152214,0.00123335190955351,0.028613544905443,"RAPGEF5"
"SAMD4A",174.108888422888,-0.909807623960502,0.281525915970285,-3.23170114134904,0.00123055683586394,0.028613544905443,"SAMD4A"
"LINC02273",19.7633807320194,-2.83750635316128,0.878697803872986,-3.22921753150465,0.0012412943722241,0.0286838196294291,"LINC02273"
"HERC1",124.955852793684,-0.960631200040889,0.298257067870441,-3.22081621367704,0.00127826091434136,0.0294743825916772,"HERC1"
"LINC00656",3.47582248531839,6.8566500284286,2.13115607030979,3.21733829068272,0.00129385941412839,0.0297060126003426,"LINC00656"
"OR10H3",3.47582248531839,6.8566500284286,2.13115607030979,3.21733829068272,0.00129385941412839,0.0297060126003426,"OR10H3"
"MCL1",12.4999985053248,-4.5120880216675,1.40298523953762,-3.21606236082323,0.00129962587936349,0.0297483863115012,"MCL1"
"UQCRC2",1252.20964503422,-0.505092675877906,0.157070812259956,-3.21570041314847,0.00130126598689434,0.0297483863115012,"UQCRC2"
"LOC105373051",98.4596187032718,1.09947017463533,0.342286130797043,3.21213766995209,0.00131751223289103,0.0300555722381688,"LOC105373051"
"PPP5C",286.184184402506,0.814222466757341,0.253635394154729,3.21020837596755,0.001326387810391,0.0301936663476029,"PPP5C"
"FBXO4",251.735521107717,-0.702962477040208,0.219215863202968,-3.20671354148011,0.00134260616841578,0.0302658227458506,"FBXO4"
"H2BC8",1821.72437136781,0.59950212105572,0.186965874140583,3.20647884974422,0.00134370182300019,0.0302658227458506,"H2BC8"
"H4C5",1819.73536699861,0.678510073763823,0.211563463604605,3.20712311191833,0.00134069606949059,0.0302658227458506,"H4C5"
"SRRM1",112.602150308535,1.04802782364114,0.326637241511127,3.20853745516779,0.00133411930815886,0.0302658227458506,"SRRM1"
"TERB1",468.482902240994,0.573691756654044,0.178831142536981,3.20800811601039,0.00133657726629222,0.0302658227458506,"TERB1"
"KANSL1",1413.1631546388,-0.600703447825525,0.187419856672381,-3.20512169036381,0.00135005389321015,0.0303024862898754,"KANSL1"
"METTL3",22.6685391107681,2.14380635443342,0.668910761976719,3.20492130833445,0.00135099410788584,0.0303024862898754,"METTL3"
"SIRT6",354.132794263545,0.789670949872086,0.246539728996052,3.20301702726675,0.00135995939970306,0.030439760705906,"SIRT6"
"ATPSCKMT",198.557347457205,0.758995653361328,0.237034423613365,3.20204821642004,0.00136454156106808,0.030478559836884,"ATPSCKMT"
"TEC",53.3655067496061,-1.47219024410942,0.460206243698097,-3.19897929302151,0.00137915074287843,0.0307406954126173,"TEC"
"SPNS1",256.617151948636,0.702890192500474,0.220125290420809,3.19313692287139,0.00140736196592604,0.0313042945393819,"SPNS1"
"RAD50",3.00763119290881,6.64413330382448,2.08161783681672,3.19181224637511,0.0014138320291967,0.0313829644821068,"RAD50"
"CYP2C18",70.8731834295687,-1.3400734809042,0.420102751389972,-3.18987075535776,0.00142336433718842,0.031529140876975,"CYP2C18"
"EIF2S3",187.134570399247,-0.821140628880627,0.257653091444312,-3.18700087888565,0.00143756338035541,0.0316329726638436,"EIF2S3"
"KISS1",111.147099517034,0.920425376865792,0.288869333069364,3.18630353414766,0.00144103323457439,0.0316329726638436,"KISS1"
"MYL12B",6454.46420094556,0.414178762983202,0.13000197599677,3.18594205824603,0.00144283490606184,0.0316329726638436,"MYL12B"
"SEC22C",24.2507580386752,-2.36654696499805,0.742701529177066,-3.18640378675435,0.0014405339220639,0.0316329726638436,"SEC22C"
"SIRT5",97.4936541826656,-1.07519776663088,0.33726717356605,-3.18797040121757,0.00143275201855692,0.0316329726638436,"SIRT5"
"TOM1L2",32.7105307488305,-1.91424434347907,0.601456512898225,-3.18268121207125,0.00145918174277327,0.0319259416481211,"TOM1L2"
"H1-2",13417.7223280926,0.562770740978707,0.176856736141598,3.18207128128912,0.00146225825013454,0.0319279612616111,"H1-2"
"RALGAPA2",335.234520222734,-0.697153035269641,0.219668249355274,-3.17366318216576,0.00150528259347606,0.0328004449441963,"RALGAPA2"
"KRT78",2.95386380508187,6.62366525858378,2.0902149231623,3.16889195708296,0.00153021266852705,0.0332759051637621,"KRT78"
"FEM1A",565.345230427721,0.609918080366075,0.192551208834159,3.1675629774487,0.00153722411065848,0.0333020756293726,"FEM1A"
"ZNF629",701.469149524189,0.544863271635989,0.172017683941717,3.16748405832855,0.00153764140208525,0.0333020756293726,"ZNF629"
"ALPK3",64.7817084833705,-1.32650518759817,0.419085991445539,-3.16523390109677,0.00154958327947408,0.0334929121355418,"ALPK3"
"CUL4B",26.6560917359341,1.88052326735168,0.594525033153894,3.16306826875851,0.00156115717336443,0.033675041527875,"CUL4B"
"SCARNA8",7.63818395138537,-4.81911385846645,1.52438199929749,-3.161355789223,0.00157036556229508,0.0338055153943563,"SCARNA8"
"STPG1",17.6324050896601,-2.99205220587496,0.947307436089048,-3.15848064935247,0.00158593837733547,0.0340721981909884,"STPG1"
"ARHGAP5",102.216660192408,-1.01702933587356,0.322349005969533,-3.15505652891538,0.00160467010917199,0.0344055420802227,"ARHGAP5"
"CCDC28A-AS1",1186.94668401345,0.613105530772761,0.194467274626274,3.15274398713626,0.001617435909657,0.0345273299137295,"CCDC28A-AS1"
"GEN1",108.379452324602,-1.12109350969347,0.355642555901563,-3.15230416352022,0.0016198743983774,0.0345273299137295,"GEN1"
"RALY-AS1",3.30798470907877,6.7971764471046,2.15627593152289,3.15227580465736,0.0016200317428444,0.0345273299137295,"RALY-AS1"
"C11orf65",90.0571332171028,-1.16130095090744,0.369303623060865,-3.14456961261939,0.00166331333277067,0.0353793028773627,"C11orf65"
"LYRM1",117.685172395366,-1.12042976639315,0.357421962779084,-3.13475354922626,0.00171998544438207,0.0365121513282614,"LYRM1"
"TNS4",229.591958876916,0.744140299611056,0.237556181658016,3.13248131207259,0.00173335461825048,0.0367230912092316,"TNS4"
"RFX3",158.13826885023,-0.990408474883689,0.316307938068818,-3.13115276502548,0.0017412155999119,0.0367441138135254,"RFX3"
"SCUBE1",196.174196017631,0.804553536382758,0.256914162600804,3.13160445589324,0.0017385392851854,0.0367441138135254,"SCUBE1"
"LINC02702",293.8878333808,0.642120129073503,0.205235355857694,3.12870132141723,0.00175580684299441,0.0369146454096203,"LINC02702"
"MAJIN",554.227859286821,0.643511034533388,0.205688475423839,3.12857117156116,0.00175658464194823,0.0369146454096203,"MAJIN"
"PANK4",194.764410136358,0.961956772143341,0.307525120516404,3.12805916644467,0.00175964755200545,0.0369146454096203,"PANK4"
"GLMP",995.665001975775,0.512175960648384,0.16377968028052,3.1272253051852,0.00176464637736695,0.036947067693638,"GLMP"
"ZNF41",883.994034019343,0.549559574850616,0.175784385717127,3.12632758938537,0.00177004258816596,0.0369876672866945,"ZNF41"
"PRKCSH",185.550679184886,-0.825689623581545,0.2643971570149,-3.12291415272296,0.0017906997068299,0.0373463862833784,"PRKCSH"
"SHD",7.48903820637387,-4.79191956779121,1.53576381043677,-3.1202190956879,0.00180716569360007,0.0376164703420762,"SHD"
"LIPE",309.551589474421,0.65066200401087,0.208691121398848,3.11782312371274,0.00182192108679657,0.0377674293033565,"LIPE"
"LOC100506688",3.7281020385865,6.97091973807448,2.23646441197658,3.11693747539385,0.00182740324527745,0.0377674293033565,"LOC100506688"
"NOB1",5959.38784806163,-0.462272499342645,0.148246770289182,-3.11826354423034,0.00181920051631575,0.0377674293033565,"NOB1"
"RNF10",435.437322758267,0.570630487848299,0.183084839089298,3.11675445485673,0.0018285380296419,0.0377674293033565,"RNF10"
"COA4",3.50411030308322,5.88691434153685,1.89008711293271,3.11462593509913,0.00184178315600622,0.0379677032487679,"COA4"
"HTR3D",595.467519199256,0.614002973143508,0.197774557740315,3.10455996038537,0.00190562298492362,0.0391331389936342,"HTR3D"
"REV1",83.1911485908335,-1.13954718955775,0.367056125128748,-3.10455843546553,0.00190563280827025,0.0391331389936342,"REV1"
"LINC01770",57.3456391328127,1.39157155703051,0.448455691537781,3.10303020630362,0.00191550088355563,0.0392604290290453,"LINC01770"
"LOC100130027",249.030613408861,0.728813971482145,0.235026546536462,3.10098574915271,0.00192877572978311,0.0394569245371883,"LOC100130027"
"BAX",131.379366622712,0.84710785664769,0.273358753906482,3.09888688231836,0.00194249169532353,0.0396616768096687,"BAX"
"IGFLR1",122.279974362657,0.941088228284424,0.303758433348613,3.09814683302758,0.00194734918743426,0.0396851218216366,"IGFLR1"
"KRT16P1",23.5171685875534,-2.31031772075708,0.745959791844833,-3.09710757337662,0.00195418944751023,0.039716199275331,"KRT16P1"
"ZBTB14",280.864973967312,-0.753820885126997,0.243420256252233,-3.09678782174103,0.00195629844079815,0.039716199275331,"ZBTB14"
"CD300LB",53.1408650039851,1.39427805928391,0.450377024520401,3.09580192455122,0.0019628143066537,0.0397697341265589,"CD300LB"
"SLC39A3",287.243884004593,0.785131356583935,0.253655598761067,3.09526523529842,0.00196636969370499,0.0397697341265589,"SLC39A3"
"PLA2G4A",112.092418368334,-1.01838433306154,0.329122900631511,-3.09423723207197,0.00197319638425772,0.0398325058776856,"PLA2G4A"
"ZBTB47",323.912402214155,-0.809485808932523,0.261961156044335,-3.09009862819327,0.00200090039752301,0.0403156936969844,"ZBTB47"
"ZSWIM2",49.1043631794119,-1.76436046206708,0.571082075781477,-3.08950418318191,0.00200490883146205,0.040320525541001,"ZSWIM2"
"FEZ1",802.667231360855,0.500938425582941,0.162469569216043,3.08327539735655,0.00204735591310679,0.0410969247923631,"FEZ1"
"SCARA3",67.7862995154725,1.09805063334032,0.356197745141124,3.08269956314652,0.00205132137623601,0.0410994146148859,"SCARA3"
"DGCR8",476.696076651238,0.533178346504971,0.173674973333559,3.06997799551091,0.00214074542507997,0.0427961382844356,"DGCR8"
"FBXO3",317.511713697095,0.596114903242674,0.194204392065283,3.06952328370764,0.00214400692779302,0.0427961382844356,"FBXO3"
"CLIP4",281.033133748807,0.681735856811884,0.222141005857886,3.06893296975536,0.00214824785802935,0.0428009382366033,"CLIP4"
"TRPV6",11.8858437310627,-4.43573534151707,1.44725016509588,-3.06494029055661,0.00217713457436673,0.0432958416564119,"TRPV6"
"ENTPD4",266.682859500003,-0.654260910939848,0.213833985305184,-3.05966757344996,0.00221582788583166,0.0439835668840685,"ENTPD4"
"DPY19L4",31.8613186870528,-1.98928666038281,0.650435707292942,-3.0583909186998,0.00222529077466685,0.0440880337929686,"DPY19L4"
"NUDCD1",1247.60453626109,-0.467168052807308,0.15280443933106,-3.05729372034252,0.00223345306250948,0.0440880337929686,"NUDCD1"
"SMAD4",4.40471295156854,5.3141331628111,1.73808038521162,3.05747260484967,0.0022321204342287,0.0440880337929686,"SMAD4"
"ITGA1",180.670095209219,-0.788093119350486,0.257953148237294,-3.05517930188435,0.00224926008793071,0.0441998964794096,"ITGA1"
"ORC1",3.03560415561541,6.65599490259269,2.17871420799945,3.05501055537908,0.00225052601379851,0.0441998964794096,"ORC1"
"UBE2J2",536.451589431178,0.594907506458265,0.194740122588946,3.05487897691215,0.00225151356026528,0.0441998964794096,"UBE2J2"
"CD8B",257.124683029279,-0.789408916974534,0.258875139492261,-3.04938094296278,0.00229313503768662,0.0448681204383935,"CD8B"
"CDC34",897.86865056839,0.572358846543264,0.187737005806824,3.04872682976634,0.00229813347044019,0.0448681204383935,"CDC34"
"GAS2L1P2",3.57391777676268,5.90776618722864,1.93772510339843,3.04881542633032,0.00229745587236075,0.0448681204383935,"GAS2L1P2"
"SNAP91",14.538070166543,-3.7738650923847,1.23850674856976,-3.04710902604512,0.00231053887816669,0.045028152017314,"SNAP91"
"STAT4",198.469939565611,-0.856586914749741,0.281340022879884,-3.04466782216568,0.00232937429829289,0.0453126829407921,"STAT4"
"LINC01977",425.19005544199,0.798942116254019,0.262607749312657,3.04234021404604,0.00234746410509812,0.0455817031949995,"LINC01977"
"DKC1",28.9150071015912,-1.96349999335951,0.645652025238849,-3.04111180110237,0.00235706291324268,0.0456851741101148,"DKC1"
"TOX4",118.311298005647,-0.948014723884645,0.311797022705441,-3.04048677456503,0.0023619606476666,0.0456973182086527,"TOX4"
"FGD5P1",2.99975923039746,6.6420516832134,2.18528510950508,3.03944398574046,0.0023701527309096,0.0457730398339383,"FGD5P1"
"LSS",574.566456296532,0.517972953029234,0.17055054106432,3.03706426140209,0.00238894520481679,0.0460528373807834,"LSS"
"BMERB1",2.97965823020221,6.63379512658102,2.18900680139483,3.03050457511323,0.00244145488130425,0.0468120959392639,"BMERB1"
"DESI1",51.0546714373341,1.31575556377592,0.434070309291097,3.03120378337958,0.0024358079123494,0.0468120959392639,"DESI1"
"FCHO2",76.9659443571704,-1.17557022030095,0.387912407888783,-3.03050430043989,0.00244145710198236,0.0468120959392639,"FCHO2"
"RNF40",628.919776427341,0.528216331901021,0.174474789534215,3.02746507567751,0.00246614209337015,0.0472008126242704,"RNF40"
"SFN",112.894022487209,0.894637118049017,0.295742579623959,3.02505347449989,0.00248589171274903,0.0474938489905391,"SFN"
"ZFHX2",625.175944067825,0.485220863438704,0.160646863944335,3.02041914498148,0.00252425094904991,0.0481407502743048,"ZFHX2"
"DSCAML1",6.85500850994457,4.59107801926311,1.52100514681037,3.01845002227037,0.00254071304881033,0.0482825735510156,"DSCAML1"
"L1TD1",29.5135429830976,-1.86443082275233,0.617673077040371,-3.01847513200007,0.00254050251186074,0.0482825735510156,"L1TD1"
"SH3GL1",361.422655707085,0.721516970012438,0.239309302699128,3.0149975862809,0.00256981300764486,0.0485554708831147,"SH3GL1"
"TLE2",45.3407328743476,-1.50861532074729,0.500437157668859,-3.01459493490599,0.00257322665583008,0.0485554708831147,"TLE2"
"ZNF37A",186.116264129738,-0.868598152241228,0.288021004142651,-3.01574586487807,0.00256348015443168,0.0485554708831147,"ZNF37A"
"ZNF844",23.7441300390893,-2.13103761377237,0.706859356146285,-3.01479720858551,0.00257151127676023,0.0485554708831147,"ZNF844"
"LINC00294",101.80534241407,-0.995417787895357,0.33030130795659,-3.01366589812651,0.00258111878679496,0.0486186441899986,"LINC00294"
"PROCA1",82.3007221383666,-1.17762255675999,0.390864941078913,-3.01286309667318,0.00258795637334579,0.0486617666756179,"PROCA1"
"TMEM63C",108.254832575375,-1.00756827517122,0.334487300476896,-3.01227662077059,0.00259296194571996,0.0486703506267682,"TMEM63C"
"ACTN1-AS1",7.23837440907643,-4.74215330044458,1.57523219098243,-3.01044717571892,0.00260863319035012,0.0487932980831398,"ACTN1-AS1"
"G3BP2",4.58698225368981,4.76327024767688,1.5821660966362,3.01060063023973,0.00260731536118383,0.0487932980831398,"G3BP2"
"TUBB3",70.6585373387546,-1.18470741508541,0.393651858147949,-3.00953085972773,0.0026165149663539,0.0488553117365102,"TUBB3"
"PMS2P3",37.5540113718616,1.66299075071869,0.552991698400757,3.00726169222437,0.00263612722089405,0.0491357580772569,"PMS2P3"
